{
  "openapi" : "3.0.1",
  "info" : {
    "title" : "TestLocalv1",
    "version" : "v1"
  },
  "servers" : [ {
    "url" : "/"
  } ],
  "security" : [ {
    "default" : [ ]
  } ],
  "paths" : {
    "/*" : {
      "get" : {
        "responses" : {
          "200" : {
            "description" : "OK"
          }
        },
        "security" : [ {
          "default" : [ ]
        } ],
        "x-auth-type" : "Application & Application User",
        "x-throttling-tier" : "Unlimited",
        "x-mediation-script" : "var accept = mc.getProperty('AcceptHeader');\nvar responseCode = mc.getProperty('query.param.responseCode');\nvar responseCodeSC;\nvar responses = [];\nif (!responses[200]) {\n  responses[200] = [{\n\t\"ID\":123,\n\t\"First Name\":\"Mahmoud\",\n\t\"Last Name\" : \"Saad\"\n  }];\n}\nresponses[200][\"application/json\"] = \"\";\nresponses[200][\"application/xml\"] = \"\";\n\n\nresponses[501] = [];\nresponses[501][\"application/json\"] = {\n\"code\" : 501,\n\"description\" : \"Not Implemented\"}\nresponses[501][\"application/xml\"] = <response><code>501</code><description>Not Implemented</description></response>;\n\nif (responseCode == null) {\n responseCode = 200;\n}\n\nif (!responses[responseCode]) {\n  if (responses[\"default\"]) {\n    responseCode = \"default\"\n  } else {\n    responseCode = 501;\n  }\n}\nif (responseCode === \"default\") {\n  responseCodeSC = mc.getProperty('query.param.responseCode');\n} else {\n  responseCodeSC = responseCode;\n}\nif (accept == null || !responses[responseCode][accept]) {\n accept = \"application/json\";\n}\n\nif (accept == \"application/json\") {\n mc.setProperty('CONTENT_TYPE', 'application/json');\n mc.setProperty('HTTP_SC', responseCodeSC + \"\");\n mc.setPayloadJSON(responses[responseCode][\"application/json\"]);\n} else if (accept == \"application/xml\") {\n mc.setProperty('CONTENT_TYPE', 'application/xml');\n mc.setProperty('HTTP_SC', responseCodeSC + \"\");\n mc.setPayloadXML(responses[responseCode][\"application/xml\"]);\n}",
        "x-wso2-application-security" : {
          "security-types" : [ "oauth2" ],
          "optional" : false
        }
      },
      "put" : {
        "responses" : {
          "200" : {
            "description" : "OK"
          }
        },
        "security" : [ {
          "default" : [ ]
        } ],
        "x-auth-type" : "Application & Application User",
        "x-throttling-tier" : "Unlimited",
        "x-wso2-application-security" : {
          "security-types" : [ "oauth2" ],
          "optional" : false
        }
      },
      "post" : {
        "responses" : {
          "200" : {
            "description" : "OK"
          }
        },
        "security" : [ {
          "default" : [ ]
        } ],
        "x-auth-type" : "Application & Application User",
        "x-throttling-tier" : "Unlimited",
        "x-wso2-application-security" : {
          "security-types" : [ "oauth2" ],
          "optional" : false
        }
      },
      "delete" : {
        "responses" : {
          "200" : {
            "description" : "OK"
          }
        },
        "security" : [ {
          "default" : [ ]
        } ],
        "x-auth-type" : "Application & Application User",
        "x-throttling-tier" : "Unlimited",
        "x-wso2-application-security" : {
          "security-types" : [ "oauth2" ],
          "optional" : false
        }
      },
      "patch" : {
        "responses" : {
          "200" : {
            "description" : "OK"
          }
        },
        "security" : [ {
          "default" : [ ]
        } ],
        "x-auth-type" : "Application & Application User",
        "x-throttling-tier" : "Unlimited",
        "x-wso2-application-security" : {
          "security-types" : [ "oauth2" ],
          "optional" : false
        }
      }
    }
  },
  "components" : {
    "securitySchemes" : {
      "default" : {
        "type" : "oauth2",
        "flows" : {
          "implicit" : {
            "authorizationUrl" : "https://test.com",
            "scopes" : {
              "TestScope" : ""
            },
            "x-scopes-bindings" : {
              "TestScope" : ""
            }
          }
        }
      }
    }
  },
  "x-wso2-api-key-header" : "ApiKey",
  "x-wso2-auth-header" : "Authorization",
  "x-wso2-cors" : {
    "corsConfigurationEnabled" : false,
    "accessControlAllowOrigins" : [ "*" ],
    "accessControlAllowCredentials" : false,
    "accessControlAllowHeaders" : [ "authorization", "Access-Control-Allow-Origin", "Content-Type", "SOAPAction", "apikey", "Internal-Key" ],
    "accessControlAllowMethods" : [ "GET", "PUT", "POST", "DELETE", "PATCH", "OPTIONS" ]
  },
  "x-wso2-production-endpoints" : {
    "urls" : [ "https://localhost:7016/api" ],
    "type" : "http"
  },
  "x-wso2-sandbox-endpoints" : {
    "urls" : [ "https://localhost:7016/api" ],
    "type" : "http"
  },
  "x-wso2-basePath" : "/Test/v1",
  "x-wso2-transports" : [ "http", "https" ],
  "x-wso2-application-security" : {
    "security-types" : [ "oauth2" ],
    "optional" : false
  },
  "x-wso2-response-cache" : {
    "enabled" : false,
    "cacheTimeoutInSeconds" : 300
  }
}