{
  "type": "api",
  "version": "v4.3.0",
  "data": {
    "id": "ea18e495-bf1c-47d1-a691-7620572c6c62",
    "name": "TestLocalv1",
    "context": "/Test",
    "version": "v1",
    "provider": "admin",
    "lifeCycleStatus": "CREATED",
    "responseCachingEnabled": false,
    "cacheTimeout": 300,
    "hasThumbnail": false,
    "isDefaultVersion": false,
    "isRevision": true,
    "revisionedApiId": "ea18e495-bf1c-47d1-a691-7620572c6c62",
    "revisionId": 4,
    "enableSchemaValidation": false,
    "enableSubscriberVerification": false,
    "type": "HTTP",
    "transport": [
      "http",
      "https"
    ],
    "tags": [],
    "policies": [
      "Unlimited"
    ],
    "authorizationHeader": "Authorization",
    "apiKeyHeader": "ApiKey",
    "securityScheme": [
      "oauth_basic_auth_api_key_mandatory",
      "oauth2"
    ],
    "visibility": "PUBLIC",
    "visibleRoles": [],
    "visibleTenants": [],
    "mediationPolicies": [],
    "subscriptionAvailability": "CURRENT_TENANT",
    "subscriptionAvailableTenants": [],
    "additionalProperties": [],
    "additionalPropertiesMap": {},
    "accessControl": "NONE",
    "accessControlRoles": [],
    "businessInformation": {},
    "corsConfiguration": {
      "corsConfigurationEnabled": false,
      "accessControlAllowOrigins": [
        "*"
      ],
      "accessControlAllowCredentials": false,
      "accessControlAllowHeaders": [
        "authorization",
        "Access-Control-Allow-Origin",
        "Content-Type",
        "SOAPAction",
        "apikey",
        "Internal-Key"
      ],
      "accessControlAllowMethods": [
        "GET",
        "PUT",
        "POST",
        "DELETE",
        "PATCH",
        "OPTIONS"
      ]
    },
    "websubSubscriptionConfiguration": {
      "enable": false,
      "secret": "",
      "signingAlgorithm": "SHA1",
      "signatureHeader": "x-hub-signature"
    },
    "createdTime": "1720598106821",
    "lastUpdatedTimestamp": "1720598106821",
    "lastUpdatedTime": "2024-07-10 10:55:06.821",
    "endpointConfig": {
      "endpoint_type": "http",
      "sandbox_endpoints": {
        "url": "https://localhost:7016/api"
      },
      "production_endpoints": {
        "url": "https://localhost:7016/api"
      }
    },
    "endpointImplementationType": "ENDPOINT",
    "scopes": [
      {
        "scope": {
          "name": "TestScope",
          "displayName": "TestScope",
          "description": "",
          "bindings": []
        },
        "shared": false
      }
    ],
    "operations": [
      {
        "id": "",
        "target": "/*",
        "verb": "GET",
        "authType": "Application \u0026 Application User",
        "throttlingPolicy": "Unlimited",
        "scopes": [],
        "usedProductIds": [],
        "operationPolicies": {
          "request": [],
          "response": [],
          "fault": []
        }
      },
      {
        "id": "",
        "target": "/*",
        "verb": "PUT",
        "authType": "Application \u0026 Application User",
        "throttlingPolicy": "Unlimited",
        "scopes": [],
        "usedProductIds": [],
        "operationPolicies": {
          "request": [],
          "response": [],
          "fault": []
        }
      },
      {
        "id": "",
        "target": "/*",
        "verb": "POST",
        "authType": "Application \u0026 Application User",
        "throttlingPolicy": "Unlimited",
        "scopes": [],
        "usedProductIds": [],
        "operationPolicies": {
          "request": [],
          "response": [],
          "fault": []
        }
      },
      {
        "id": "",
        "target": "/*",
        "verb": "DELETE",
        "authType": "Application \u0026 Application User",
        "throttlingPolicy": "Unlimited",
        "scopes": [],
        "usedProductIds": [],
        "operationPolicies": {
          "request": [],
          "response": [],
          "fault": []
        }
      },
      {
        "id": "",
        "target": "/*",
        "verb": "PATCH",
        "authType": "Application \u0026 Application User",
        "throttlingPolicy": "Unlimited",
        "scopes": [],
        "usedProductIds": [],
        "operationPolicies": {
          "request": [],
          "response": [],
          "fault": []
        }
      }
    ],
    "categories": [],
    "keyManagers": [
      "all"
    ],
    "advertiseInfo": {
      "advertised": false,
      "apiOwner": "admin",
      "vendor": "WSO2"
    },
    "gatewayVendor": "wso2",
    "gatewayType": "wso2/synapse",
    "asyncTransportProtocols": [],
    "organizationId": "carbon.super"
  }
}